favorite_count,id,retweet_count
36421,892420643555336193,7744
31363,892177421306343426,5736
23636,891815181378084864,3798
39733,891689557279858688,7902
37922,891327558926688256,8538
19096,891087950875897856,2853
11124,890971913173991426,1863
61373,890729181411237888,17287
26298,890609185150312448,3937
30040,890240255349198849,6737
28919,890006608113172480,6730
26279,889880896479866881,4575
45301,889665388333682689,9173
25492,889638837579907072,4122
14261,889531135344209921,2067
23740,889278841981685760,4895
27450,888917238123831296,4130
24102,888804989199671297,3897
18633,888554962724278272,3195
20517,888078434458587136,3173
28495,887705289381826560,4935
43692,887517139158093824,10788
64868,887473957103951883,16523
31706,887343217045368832,9608
28859,887101392804085760,5462
32971,886983233522544640,7044
11304,886736880519319552,2948
21173,886680336477933568,4093
19953,886366144734445568,2905
113,886267009285017600,4
26393,886258384151887873,5791
0,886054160059072513,100
30702,885984800019947520,6165
33901,885528943205470208,5859
19326,885518971528720385,3424
0,885311592912609280,17004
20641,885167619883638784,4012
72735,884925521741709313,16616
26246,884876753390489601,5130
22900,884562892145688576,4313
25521,884441805382717440,5221
68494,884247878851493888,18679
19233,884162670584377345,2744
20597,883838122936631299,3155
43214,883482846933004288,9068
21390,883360690899218434,3400
34991,883117836046086144,6088
22535,882992080364220416,3569
26656,882762694511734784,4487
26384,882627270321602560,5581
42288,882268110199369728,10626
27639,882045870035918850,4489
22946,881906580714921986,3118
47746,881666595344535552,9808
120,881633300179243008,7
46634,881536004380872706,14666
21906,881268444196462592,4829
16101,880935762899988482,2561
20084,880872448815771648,3516
26881,880465832366813184,5726
25441,880221127280381952,3826
26066,880095782870896641,3988
21093,879862464715927552,3214
297,879674319642796034,10
22143,879492040517615616,2928
99792,879415818425184262,40780
15859,879376492567855104,2869
0,879130579576475649,6251
21268,879050749262655488,4309
17922,879008229531029506,2470
18277,878776093423087618,3757
28459,878604707211726852,6547
0,878404777348136964,1184
0,878316110768087041,6129
7294,878281511006478336,1184
39754,878057613040115712,6251
74894,877736472329191424,17448
0,877611172832227328,74
21448,877556246731214848,3503
25884,877316821321428993,4782
25611,877201837425926144,5142
19539,876838120628539392,3067
22327,876537666061221889,4316
17741,876484053909872640,2189
26450,876120275196170240,4301
23795,875747767867523072,3938
20719,875144289856114688,4530
25960,875097192612077568,5605
24102,875021211251597312,4354
26304,874680097055178752,4272
0,874434818259525634,13420
24659,874296783580663808,3792
21498,874057562936811520,3672
32511,874012996292530176,9493
22937,873580283840344065,3629
0,873337748698140672,1474
6792,873213775632977920,1474
25881,872967104147763200,5021
13981,872820683541237760,3442
19657,872620804844003328,3383
38645,872486979161796608,8373
32596,872122724285648897,7509
35737,871879754684805121,10228
19213,871762521631449091,3238
19167,871515927908634625,3229
0,871166179821445120,5309
19878,871102520638267392,5128
21622,871032628920680449,3561
31999,870804317367881728,5760
117,870726314365509632,3
11769,870656317836468226,2463
78940,870374049280663552,24665
20851,870308999962521604,3871
34814,870063196459192321,7760
40507,869772420881756160,9429
26925,869702957897576449,5889
15241,869596645499047938,2921
19475,869227993411051520,3538
62452,868880397819494401,13497
0,868639477480148993,1943
25483,868622495443632128,4963
9624,868552278524837888,1943
23127,867900495410671616,3921
32480,867774946302451713,6902
15387,867421006826221569,2336
0,867072653475098625,113
30830,867051520902168576,7400
19186,866720684873056260,4502
18471,866686824827068416,3275
117035,866450705531457537,33158
50208,866334964761202691,13420
0,866094527597207552,7901
24587,865718153858494464,5295
25394,865359393868664832,4718
26886,865006731092295680,7259
30995,864873206498414592,8206
13997,864279568663928832,2850
28830,864197398364647424,8365
19787,863907417377173506,3913
14674,863553081350529029,3961
0,863471782782697472,2300
22893,863432100342583297,4961
2134,863427515083354112,91
8451,863079547188785154,1051
8144,863062471531167744,2300
18473,862831371563274240,4875
16461,862722525377298433,3352
19702,862457590147678208,4679
71541,862096992088072192,21991
34790,861383897657036800,10185
16552,861288531465048066,3931
16115,861005113778896900,3635
0,860981674716409858,2043
0,860924035999428608,763
7236,860563773140209665,2043
22825,860524505164394496,5062
17745,860276583193509888,3337
16117,860184849394610176,5571
0,860177593139703809,29496
18926,859924526012018688,3916
14928,859851578198683649,3352
18009,859607811541651456,1491
86896,859196978902773760,28813
32767,859074603037188101,13037
0,858860390427611136,7775
15101,858843525470990336,3340
20842,858471635011153920,4649
15281,858107933456039936,2791
15613,857989990357356544,2494
33259,857746408056729600,10208
5720,857393404942143489,1576
19482,857263160327368704,4346
220,857214891891077121,17
0,857062103051644929,164
18355,857029823797047296,3842
15884,856543823941562368,2778
11554,856526610513747968,1809
0,856330835276025856,646
503,856288084350160898,15
27045,856282028240666624,6075
333,855862651834028034,25
4819,855860136149123072,944
11581,855857698524602368,2043
44603,855851453814013952,17422
26030,855818117272018944,5248
29148,855459453768019968,7956
0,855245323840757760,5784
0,855138241867124737,43
22270,854732716440526848,5898
28699,854482394044301312,6686
18501,854365224396361728,4557
31368,854120357044912130,7283
15914,854010172552949760,3067
28070,853760880890318849,5593
34092,853639147608842240,9814
15231,853299958564483072,3474
0,852936405516943360,1954
8897,852912242202992640,1781
14689,852672615818899456,2108
16061,852553447878664193,3399
32657,852311364735569921,9749
19691,852226086759018497,6706
11300,852189679701164033,1554
0,851861385021730816,20
16062,851591660324737024,3416
23952,851464819735769094,6929
20443,851224888060895234,5637
30471,850753642995093505,8996
12955,850380195714523136,2573
3422,850333567704068097,326
16155,850145622816686080,3741
20238,850019790995546112,4812
30191,849776966551130114,7506
0,849668094696017920,4889
15742,849412302885593088,3122
11325,849336543269576704,1878
41993,849051919805034497,8376
24991,848690551926992896,4266
24536,848324959059550208,4545
8120,848213670039564288,724
16208,848212111729840128,3009
0,847978865427394560,3222
0,847971574464610304,427
23363,847962785489326080,5029
5403,847842811428974592,1319
6950,847617282490613760,411
18663,847606175596138505,3391
20406,847251039262605312,4274
19777,847157206088847362,5799
21353,847116187444137987,3152
20020,846874817362120707,3899
44441,846514051647705089,11472
14042,846505985330044928,3043
31487,846153765933735936,8981
30927,846139713627017216,9942
15932,846042936437604353,2845
29165,845812042753855489,8638
25117,845677943972139009,4761
7620,845397057150107648,1796
23288,845306882940190720,5362
0,845098359547420673,7610
13598,844979544864018432,2549
15065,844973813909606400,3172
16444,844580511645339650,3117
13638,844223788422217728,2187
15169,843981021012017153,2932
21443,843856843873095681,4600
16880,843604394117681152,2738
21517,843235543001513987,6006
15274,842846295480000512,3630
6735,842765311967449089,1280
18104,842535590457499648,3496
24478,842163532590374912,5784
13997,842115215311396866,3026
0,841833993020538882,15107
25759,841680585030541313,7792
12674,841439858740625411,3690
19824,841320156043304961,5494
15858,841314665196081154,4657
22935,841077006473256960,5309
0,840761248237133825,1769
0,840728873075638272,16162
176,840698636975636481,2
12323,840696689258311684,976
9034,840632337062862849,1769
16512,840370681858686976,4547
19336,840268004936019968,5750
13461,839990271299457024,2280
27590,839549326359670784,7775
0,839290600511926273,144
27239,839239871831150596,6552
19734,838952994649550848,4016
11207,838921590096166913,2071
0,838916489579200512,35
0,838831947270979586,11048
10986,838561493054533637,1340
22632,838476387338051585,4791
0,838201503651401729,10105
1682,838150277551247360,333
142,838085839343206401,1
17723,838083903487373313,3143
34345,837820167694528512,7901
3857,837482249356513284,444
12871,837471256429613056,2286
16149,837110210464448512,2370
12841,836989968035819520,2298
19429,836753516572119041,4663
12686,836677758902222849,2238
0,836648853927522308,556
0,836397794269200385,27684
14867,836380477523124226,3005
21455,836260088725786625,4325
19231,836001077879255040,4289
0,835685285446955009,8185
17933,835574547218894849,3643
0,835536468978302976,1714
0,835309094223372289,21125
16613,835297930240217089,3041
7801,835264098648616962,1714
2121,835246439529840640,73
26378,835172783151792128,5808
22604,835152434251116546,3042
10898,834931633769889797,1659
21517,834786237630337024,5544
13780,834574053763584002,2562
0,834477809192075265,10749
9704,834458053273591808,1699
20791,834209720923721728,4805
15959,834167344700198914,3690
10134,834089966724603904,2153
13186,834086379323871233,2225
13520,833863086058651648,2430
18188,833826103416520705,3803
0,833732339549220864,223
20984,833722901757046785,3256
14979,833479644947025920,2068
20380,833124694597443584,4889
13390,832998151111966721,2225
0,832769181346996225,39
17016,832757312314028032,3660
11998,832682457690300417,2947
2958,832645525019123713,535
16012,832636094638288896,2814
12073,832397543355072512,2240
17356,832369877331693569,3222
11459,832273440279240704,2362
0,832215909146226688,6267
0,832215726631055365,9449
64,832088576586297345,2
0,832040443403784192,9734
18068,832032802820481025,4714
24259,831939777352105988,6211
343,831926988323639298,34
27921,831911600680497154,6579
10565,831670449226514432,1845
7238,831650051525054464,1954
9078,831552930092285952,2333
9374,831322785565769729,1570
6626,831315979191906304,1136
11882,831309418084069378,2486
12043,831262627380748289,2070
8067,830956169170665475,1515
67661,830583320585068544,17004
0,830173239259324417,5764
9939,830097400375152640,2988
0,829878982036299777,5094
12375,829861396166877184,1976
32172,829501995190984704,10749
10588,829449946868879360,2058
24735,829141528400556032,7455
53779,829011960981237760,16514
0,828801551087042563,3461
25914,828770345708580865,5944
36989,828708714936930305,11342
9631,828650029636317184,1371
6429,828409743546925057,1181
7768,828408677031882754,1308
12754,828381636999917570,2247
7481,828376505180889089,1087
12723,828372645993398273,2986
2225,828361771580813312,173
11932,828046555563323392,2915
10491,828011680017821696,2173
20383,827933404142436356,5323
15706,827653905312006145,3060
7532,827600520311402496,956
16084,827324948884643840,3102
10728,827199976799354881,2261
21892,826958653328592898,5094
36898,826848821049180160,10333
0,826615380357632002,4044
5190,826598799820865537,257
10193,826598365270007810,2382
18674,826476773533745153,4268
13484,826240494070030336,2645
4945,826204788643753985,940
15884,826115272272650244,3186
10615,825876512159186944,1904
12912,825829644528148480,2524
57623,825535076884762624,17795
18595,825147591692263424,4608
0,825120256414846976,1285
6413,825026590719483904,1285
0,824796380199809024,5591
15164,824775126675836928,3585
10254,824663926340194305,1771
12006,824325613288833024,10695
15311,824297048279236611,3935
4898,824025158776213504,607
10791,823939628516474880,2753
0,823719002937630720,11408
14202,823699002998870016,2566
13239,823581115634085888,2675
711,823333489516937216,25
15988,823322678127919110,4104
0,823269594223824897,10081
17604,822975315408461824,3516
133973,822872901745569793,44133
13502,822859134160621569,2327
0,822647212903690241,6535
15068,822610361945911296,3014
18476,822489057087389700,6535
28591,822462944365645825,14627
35574,822244816520155136,10081
0,822163064745328640,4881
11520,821886076407029760,2356
0,821813639212650496,3420
8562,821765923262631936,1686
8174,821522889702862852,1802
0,821421320206483457,5715
11998,821407182352777218,4442
260,821153421864615936,10
8817,821149554670182400,2034
9764,821107785811234820,2181
12885,821044531881721856,2325
0,820837357901512704,6876
32138,820749716845686786,10105
12441,820690176645140481,3302
0,820494788566847489,573
0,820446719150292993,2620
3405,820314633777061888,573
20192,820078625395449857,6426
0,820013781606658049,1203
5422,819952236453363712,1203
13146,819924195358416896,4966
13659,819711362133872643,3176
9810,819588359383371776,2031
7369,819347104292290561,1231
2321,819238181065359361,414
23537,819227688460238848,6876
0,819015337530290176,37673
0,819015331746349057,19362
46160,819006400881917954,19362
88620,819004803107983360,37673
0,818646164899774465,21475
22841,818627210458333184,7694
10046,818614493328580609,2626
0,818588835076603904,6294
11123,818536468981415936,2517
0,818307523543449600,8287
11257,818259473185828864,2329
12549,818145370475810820,2629
4953,817908911860748288,823
52786,817827839487737858,27684
10960,817777686764523521,2751
12016,817536400337801217,3040
0,817502432452313088,3473
34647,817423860136083457,15107
5726,817415592588222464,972
0,817181837579653120,8667
8953,817171292965273600,2070
12460,817120970343411712,2663
8779,817056546584727552,1684
0,816829038950027264,4822
10234,816816676327063552,2084
10010,816697700272001025,2244
31165,816450570814898180,8287
8804,816336735214911488,1991
9123,816091915477250048,2193
0,816062466425819140,1051
0,816014286006976512,5401
5073,815990720817401858,1051
22897,815966073409433600,8667
0,815745968457060357,4239
10072,815736392542261248,2329
8406,815639385530101762,1683
10598,815390420867969024,3896
7819,814986499976527872,1312
11526,814638523311648768,2771
0,814578408554463233,5978
8847,814530161257443328,1909
29448,814153002265309185,8906
0,813944609378369540,3262
9502,813910438903693312,1918
37245,813812741911748608,14334
8523,813800681631023104,1810
19065,813217897535406080,7483
9444,813202720496779264,1853
20362,813187593374461952,4480
9494,813172488309972993,1978
7956,813157409116065792,2270
8670,813142292504645637,2439
4583,813130366689148928,458
12136,813127251579564032,3212
10553,813112105746448384,2814
10805,813096984823349248,3707
10119,813081950185472002,2845
8153,813066809284972545,2002
21473,813051746834595840,7556
7763,812781120811126785,1956
6770,812709060537683968,1466
6221,812503143955202048,1254
8161,812466873996607488,1989
14003,812372279581671427,3763
7435,811985624773361665,1440
7727,811744202451197953,1637
5749,811647686436880384,762
13084,811627233043480576,3161
21463,811386762094317568,6558
5470,810984652412424192,1470
9247,810896069567610880,1814
11245,810657578271330305,2725
36164,810284430598270976,11628
15075,810254108431155201,3461
15906,809920764300447744,4044
0,809808892968534016,5036
7118,809448704142938112,1503
20427,809220051211603969,5764
13578,809084759137812480,3621
10365,808838249661788160,3125
8116,808733504066486276,2229
11597,808501579447930884,2681
43693,808344865868283904,21475
0,808134635716833280,6103
9017,808106460588765185,2268
12875,808001312164028416,3631
14952,807621403335917568,3734
121456,807106840509214720,57118
0,807059379405148160,7557
13394,807010152071229440,3967
76746,806629075125202948,35728
0,806620845233815552,5690
5020,806576416489959424,2002
10489,806542213899489280,2425
0,806242860592926720,11978
6594,806219024703037440,1224
0,805958939288408065,5512
8503,805932879469572096,1972
6740,805826884734976000,1883
0,805823200554876929,8275
5897,805520635690676224,1710
9012,805487436403003392,2589
8022,805207613751304193,1764
14052,804738756058218496,3932
6298,804475857670639616,2070
0,804413760345620481,3326
45689,804026241225523202,16639
10323,803773340896923648,2827
0,803692223237865472,7638
11244,803638050916102144,4262
7977,803380650405482500,1920
0,803321560782307329,5480
10295,803276597545603072,2527
9263,802952499103731712,2069
0,802624713319034886,2990
7290,802600418706604034,1512
9172,802572683846291456,2583
16649,802323869084381190,6004
6942,802265048156610565,1415
9315,802239329049477120,2699
0,802185808107208704,279
7942,801958328846974976,1758
1823,801854953262350336,243
8432,801538201127157760,2124
6212,801285448605831168,848
25137,801167903437357056,6103
0,801127390143516673,4067
8295,801115127852503040,2168
703,800859414831898624,98
0,800855607700029440,1662
10838,800751577355128832,2875
13492,800513324630806528,3080
9755,800459316964663297,2236
0,800443802682937345,4444
11464,800388270626521089,2888
0,800188575492947969,4062
15706,800141422401830912,2620
29128,800018252395122689,13561
0,799774291445383169,4829
8620,799757965289017345,2222
8269,799422933579902976,1980
0,799308762079035393,5626
10169,799297110730567681,2844
8285,799063482566066176,2534
13445,798933969379225600,4605
7682,798925684722855936,1478
0,798705661114773508,6834
0,798701998996647937,8023
0,798697898615730177,6684
0,798694562394996736,5109
0,798686750113755136,2403
0,798682547630837760,4851
0,798673117451325440,5707
0,798665375516884993,4024
0,798644042770751489,1907
0,798628517273620480,2032
0,798585098161549313,5888
0,798576900688019456,6019
0,798340744599797760,3454
10707,798209839306514432,2629
11936,797971864723324932,3197
14944,797545162159308800,5009
20499,797236660651966464,6788
231,797165961484890113,26
0,796904159865868288,9182
7897,796865951799083009,1973
12162,796759840936919040,3139
0,796563435802726400,7478
7780,796484825502875648,1813
11299,796387464403357696,4279
0,796177847564038144,14718
33135,796149749086875649,14718
5098,796125600683540480,1861
9356,796116448414461957,2483
8686,796080075804475393,2384
11106,796031486298386433,3829
51028,795464331001561088,24395
10345,795400264262053889,2962
16646,795076730285391872,5591
0,794983741416415232,3475
10539,794926597468000259,2376
0,794355576146903043,10617
9833,794332329137291264,2745
9467,794205286408003585,3407
17287,793962221541933056,5036
9475,793845145112371200,1925
0,793614319594401792,3228
8191,793601777308463104,1676
10962,793500921481273345,2446
25274,793286476301799424,9449
8937,793271401113350145,2461
20527,793256262322548741,8592
10800,793241302385262592,3384
10107,793226087023144960,2946
9166,793210959003287553,2879
15708,793195938047070209,5803
7124,793180763617361921,2067
9685,793165685325201412,2864
6350,793150605191548928,1744
6623,793135492858580992,2563
13040,793120401413079041,4029
14712,792913359805018113,4086
11620,792883833364439040,4395
7556,792773781206999040,1729
13812,792394556390137856,4422
7367,792050063153438720,1860
0,791821351946420224,21699
0,791784077045166082,9891
0,791780927877898241,3935
46339,791774931465953280,22867
12072,791672322847637504,3228
13471,791406955684368384,4239
9020,791312159183634433,2609
0,791026214425268224,4215
10112,790987426131050500,2197
17095,790946055508652032,4822
0,790723298204217344,2378
8434,790698755171364864,1980
21201,790581949425475584,7371
8039,790337589677002753,1926
12887,790277117346975746,3262
0,790227638568808452,3663
9507,789986466051088384,2378
0,789960241177853952,4233
10647,789903600034189313,4237
7696,789628658055020548,1824
6940,789599242079838210,1977
12059,789530877013393408,3475
8886,789314372632018944,2361
0,789280767834746880,5088
9344,789268448748703744,2675
9978,789137962068021249,2880
28101,788908386943430656,12793
28080,788765914992902144,10617
0,788552643979468800,7382
15961,788412144018661376,5416
7417,788178268662984705,2153
6278,788150585577050112,1325
0,788070120937619456,3524
6281,788039637453406209,1358
8874,787810552592695296,3139
10520,787717603741622272,2856
11141,787397959788929025,2913
7994,787322443945877504,1785
0,787111942498508800,6917
27289,786963064373534720,8185
0,786729988674449408,2482
18696,786709082849828864,6267
10878,786664955043049472,2630
9664,786595970293370880,3198
11159,786363235746385920,3602
8175,786286427768250368,2921
15639,786233965241827333,4881
1466,786051337297522688,159
0,786036967502913536,7218
11655,785927819176054784,3262
6861,785872687017132033,1865
8029,785639753186217984,2292
9329,785533386513321988,2041
6263,785515384317313025,1293
7424,785264754247995392,1680
12326,785170936622350336,4963
10355,784826020293709826,3326
9186,784517518371221505,2596
5839,784431430411685888,1308
20579,784183165795655680,8275
30493,784057939640352768,11408
30715,783839966405230592,11048
7519,783821107061198850,2017
10705,783695101801398276,3296
8658,783466772167098368,2306
17278,783391753726550016,5629
0,783347506784731136,5694
29825,783334639985389568,11978
8346,783085703974514689,2254
24679,782969140009107456,7557
7653,782747134529531904,1442
17674,782722598790725632,5512
7973,782598640137187329,1920
17036,782305867769217024,5715
0,782021823840026624,6360
11375,781955203444699136,3453
10674,781661882474196992,2783
4085,781655249211752448,1152
21195,781524693396357120,5690
7300,781308096455073793,2609
8604,781251288990355457,2123
10017,781163403222056960,2797
22113,780931614150983680,7478
7342,780858289093574656,2050
5610,780800785462489090,1328
12375,780601303617732608,3420
6448,780543529827336192,1777
0,780496263422808064,3791
0,780476555013349377,116
5407,780459368902959104,1101
8895,780192070812196864,2295
0,780092040432480260,2348
12463,780074436359819264,5078
19332,779834332596887552,7218
9003,779377524342161408,3174
0,779124354206535695,18746
15082,779056095788752897,4627
20403,778990705243029504,7371
0,778774459159379968,10127
886,778764940568104960,372
7038,778748913645780993,1340
5893,778650543019483137,1544
4729,778624900596654080,1031
13904,778408200802557953,4437
0,778396591732486144,12511
5966,778383385161035776,1126
10607,778286810187399168,3367
8675,778039087836069888,2700
6682,778027034220126208,1651
0,777953400541634568,3599
6484,777885040357281792,1662
11454,777684233540206592,2990
0,777641927919427584,4318
8946,777621514455814149,2551
14553,777189768882946048,4383
0,776819012571455488,13980
4970,776813020089548800,1235
9007,776477788987613185,2834
0,776249906839351296,9341
30518,776218204058357768,16206
9796,776201521193218049,2562
11994,776113305656188928,4444
1878,776088319444877312,154
0,775898661951791106,16889
11945,775842724423557120,2713
14125,775733305207554048,4067
13215,775729183532220416,4685
7546,775364825476165632,3034
10353,775350846108426240,3983
15863,775085132600442880,4829
8759,774757898236878852,1820
6866,774639387460112384,1760
22187,774314403806253056,5626
10942,773985732834758656,3953
6515,773922284943896577,1780
6730,773704687002451968,1659
5440,773670353721753600,1336
22513,773547596996571136,6294
0,773336787167145985,5181
23733,773308824254029826,7610
9629,773247561583001600,3300
10182,773191612633579521,4220
8733,772877495989305348,3952
8204,772826264096874500,2392
0,772615324260794368,3440
6610,772581559778025472,1724
6152,772193107915964416,1419
3875,772152991789019136,1151
3841,772117678702071809,753
2776,772114945936949249,475
4066,772102971039580160,954
6694,771908950375665664,1936
12229,771770456517009408,3454
8406,771500966810099713,2654
10680,771380798096281600,5181
0,771171053431250945,7632
9316,771136648247640064,2978
6348,771102124360998913,1464
7002,771014301343748096,1683
5011,770787852854652928,1222
5264,770772759874076672,1442
7464,770655142660169732,1797
6426,770414278348247044,2134
6347,770293558247038976,1506
0,770093767776997377,3112
7720,770069151037685760,2332
31903,769940425801170949,9734
6522,769695466921623552,1700
0,769335591808995329,7861
5497,769212283578875904,1754
14610,768970937022709760,6619
0,768909767477751808,2725
4273,768855141948723200,903
4189,768609597686943744,1226
5125,768596291618299904,1300
0,768554158521745409,5929
13845,768473857036525572,3482
11053,768193404517830656,3599
4821,767884188863397888,1405
16261,767754930266464257,5480
7617,767500508068192258,2378
12481,767191397493538821,3830
10327,767122157629476866,2905
0,766864461642756096,5724
5153,766793450729734144,1373
2645,766714921925144576,384
4081,766693177336135680,811
6103,766423258543644672,1616
6893,766313316352462849,1916
0,766078092750233600,2669
4303,766069199026450432,865
3805,766008592277377025,504
7341,765719909049503744,2182
5264,765669560888528897,1241
26964,765395769549590528,3432
7178,765371061932261376,2195
11804,765222098633691136,3440
6548,764857477905154048,1801
6110,764259802650378240,1525
767,763956972077010945,56
12772,763837565564780549,4215
5457,763183847194451968,1492
0,763167063695355904,3072
7472,763103485927849985,2322
12327,762699858130116608,3663
11390,762471784394268675,6533
10457,762464539388485633,4233
4868,762316489655476224,1138
32357,762035686371364864,15765
5484,761976711479193600,2036
0,761750502866649088,3974
4322,761745352076779520,875
50186,761672994376806400,29496
4187,761599872357261312,1200
0,761371037149827077,18307
5257,761334018830917632,1469
4541,761292947749015552,1097
5382,761227390836215808,1590
11480,761004547850530816,3524
3867,760893934457552897,989
6686,760656994973933572,1934
5037,760641137271070720,1317
7679,760539183865880579,3678
4273,760521673607086080,1406
27175,760290219849637889,11664
3988,760252756032651264,882
5770,760190180481531904,1829
0,760153949710192640,31
6029,759943073749200896,2101
14857,759923798737051648,5724
6816,759846353224826880,2010
6043,759793422261743616,1942
4767,759557299618865152,1204
8599,759447681597108224,2482
1699,759446261539934208,494
6166,759197388317847553,1971
0,759159934323924993,1175
14697,759099523532779520,4227
6574,759047813560868866,2052
3604,758854675097526272,909
11365,758828659922702336,3882
5804,758740312047005698,1626
3859,758474966123810816,1017
4859,758467244762497024,2245
5268,758405701903519748,1931
3450,758355060040593408,1094
19314,758099635764359168,10127
2731,758041019896193024,379
6966,757741869644341248,3289
0,757729163776290825,8045
4598,757725642876129280,1227
4618,757611664640446465,1118
0,757597904299253760,300
4388,757596066325864448,1070
15344,757400162377592832,6941
5887,757393109802180609,1757
4576,757354760399941633,1439
6368,756998049151549440,2008
6731,756939218950160384,2032
5128,756651752796094464,1324
10540,756526248105566208,3632
3990,756303284449767430,1111
43289,756288534030475264,17650
6494,756275833623502848,1551
7413,755955933503782912,2920
16648,755206590534418437,5412
21469,755110668769038337,11230
0,754874841593970688,8016
6972,754856583969079297,2553
2616,754747087846248448,528
5369,754482103782404096,1976
3792,754449512966619136,737
7962,754120377874386944,2380
5899,753655901052166144,2189
8002,753420520834629632,3612
5824,753398408988139520,1930
7736,753375668877008896,2348
0,753298634498793472,5770
3412,753294487569522689,1054
37502,753039830821511168,21125
3962,753026973505581056,980
12772,752932432744185856,6917
6992,752917284578922496,1601
0,752701944171524096,2909
6068,752682090207055872,1611
4425,752660715232722944,1571
5568,752568224206688256,2302
7444,752519690950500352,3470
3860,752334515931054080,1102
0,752309394570878976,16452
6022,752173152931807232,1857
3099,751950017322246144,932
5255,751937170840121344,1347
5866,751830394383790080,1965
5890,751793661361422336,2925
8003,751598357617971201,3067
4443,751583847268179968,1121
5089,751538714308972544,1274
3253,751456908746354688,1009
12638,751251247299190784,5928
6387,751205363882532864,1840
5128,751132876104687617,1313
4838,750868782890057730,1380
13315,750719632563142656,5088
4480,750506206503038976,1152
13304,750429297815552001,4318
4603,750383411068534784,1158
708,750381685133418496,28
3138,750147208377409536,968
3655,750132105863102464,1304
4370,750117059602808832,1327
3068,750101899009982464,854
2190,750086836815486976,540
7908,750071704093859840,3375
3187,750056684286914561,901
3217,750041628174217216,626
2743,750026558547456000,795
3271,750011400160841729,909
3093,749996283729883136,824
5163,749981277374128128,2481
4692,749774190421639168,1327
6155,749417653287129088,1657
2645,749403093750648834,540
8641,749395845976588288,3468
5544,749317047558017024,2250
5798,749075273010798592,2085
4843,749064354620928000,1536
3114,749036806121881602,799
10853,748977405889503236,3414
5866,748932637671223296,2271
2801,748705597323898880,955
4787,748699167502000129,1602
4282,748692773788876800,1340
6126,748575535303884801,1987
2209,748568946752774144,671
5261,748346686624440324,1234
7701,748337862848962560,4144
3704,748324050481647620,768
3695,748307329658011649,714
14259,748220828303695873,7857
5812,747963614829678593,2157
6651,747933425676525569,2561
2963,747885874273214464,980
2835,747844099428986880,752
4884,747816857231626240,1170
1404,747651430853525504,158
13003,747648653817413632,5892
2343,747600769478692864,555
3705,747594051852075008,1059
5585,747512671126323200,1621
3900,747461612269887489,1046
5462,747439450712596480,1927
0,747242308580548608,2914
5296,747219827526344708,1580
3399,747204161125646336,927
9628,747103485104099331,3984
2909,746906459439529985,299
6023,746872823977771008,2139
5342,746818907684614144,1747
4910,746790600704425984,1611
9641,746757706116112384,3935
6087,746726898085036033,1805
5072,746542875601690625,1890
0,746521445350707200,987
4682,746507379341139972,1086
6212,746369468511756288,1635
6952,746131877086527488,2211
3574,746056683365994496,812
4049,745789745784041472,1073
7049,745712589599014916,2344
7120,745433870967832576,2550
8628,745422732645535745,2447
7229,745314880350101504,2765
7893,745074613265149952,3527
7297,745057283344719872,2275
2980,744995568523612160,624
7927,744971049620602880,2701
5644,744709971296780288,1569
6820,744334592493166593,2123
157250,744234799360020481,78323
1676,744223424764059648,368
4196,743980027717509120,1097
3657,743895849529389061,963
0,743835915802583040,2092
4496,743609206067040256,1383
18494,743595368194129920,6563
3539,743545585370791937,944
7948,743510151680958465,3733
4250,743253157753532416,1230
6242,743222593470234624,1908
3856,743210557239623680,1372
7095,742534281772302336,3589
4445,742528092657332225,1990
7289,742465774154047488,3914
9865,742423170473463808,3791
6833,742385895052087300,1977
4363,742161199639494656,1383
5151,742150209887731712,1558
4561,741793263812808706,1514
8202,741743634094141440,2766
3695,741438259667034112,840
8809,741303864243200000,3215
10042,741099773336379392,5533
9531,741067306818797568,3112
6403,740995100998766593,2756
3417,740711788199743490,940
2864,740699697422163968,789
18237,740676976021798912,6834
35070,740373189193256964,13340
2467,740365076218183684,430
3304,740359016048689152,869
6702,740214038584557568,1969
20031,739979191639244800,5929
4060,739932936087216128,1078
3821,739844404073074688,854
3792,739623569819336705,1358
5389,739606147276148736,1656
39681,739544079319588864,21318
7171,739485634323156992,2930
116065,739238157791694849,58043
111,738891149612572673,6
3785,738885046782832640,1145
3319,738883359779196928,793
5106,738537504001953792,1544
3256,738402415918125056,839
4327,738184450748633089,1205
8804,738166403467907072,3359
2515,738156290900254721,647
5279,737826014890496000,1772
10010,737800304142471168,3461
5050,737678689543020544,1318
10288,737445876994609152,4468
3612,737322739594330112,812
14714,737310737551491075,7430
4275,736736130620620800,1733
17714,736392552031657984,7382
3994,736365877722001409,1251
8143,736225175608430592,2784
7907,736010884653420544,2992
3604,735991953473572864,1154
4029,735648611367784448,1104
6180,735635087207878657,2342
13031,735274964362878976,5040
3334,735256018284875776,883
3139,735137028879360001,968
2754,734912297295085568,524
12576,734787690684657664,6284
2516,734776360183431168,545
1490,734559631394082816,396
3577,733828123016450049,781
3687,733822306246479872,1020
3146,733482008106668032,953
4201,733460102733135873,1282
50266,733109485275860992,16889
2441,732732193018155009,536
3554,732726085725589504,888
3670,732585889486888962,778
8098,732375214819057664,2517
14922,732005617171337216,5401
3494,731285275100512256,990
3843,731156023742988288,1264
6147,730924654643314689,1970
4911,730573383004487680,2127
3490,730427201120833536,1046
3822,730211855403241472,1057
4858,730196704625098752,1902
4041,729854734790754305,1128
1728,729838605770891264,381
3976,729823566028484608,1245
5800,729463711119904772,2316
1883,729113531270991872,322
3149,728986383096946689,820
4688,728760639972315136,1701
2775,728751179681943552,681
3308,728653952833728512,1030
4918,728409960103686147,2000
3691,728387165835677696,960
4304,728046963732717569,1197
4573,728035342121635841,1666
4111,728015554473250816,1104
2961,727685679342333952,639
5883,727644517743104000,1745
4477,727524757080539137,1218
3341,727314416056803329,742
3049,727286334147182592,809
3903,727175381690781696,1381
3627,727155742655025152,1332
6886,726935089318363137,2453
3842,726887082820554753,1518
3565,726828223124897792,1001
4430,726224900189511680,1144
7077,725842289046749185,2669
4163,725786712245440512,1365
5208,725729321944506368,1779
1411,725458796924002305,614
3722,724983749226668032,1308
2351,724771698126512129,635
5275,724405726123311104,1641
4318,724049859469295616,1768
2657,724046343203856385,554
4176,724004602748780546,1548
3889,723912936180330496,1232
7678,723688335806480385,2937
3011,723673163800948736,886
5296,723179728551723008,1859
4100,722974582966214656,1558
4973,722613351520608256,1629
4621,721503162398597120,1846
2521,721001180231503872,609
3113,720785406564900865,766
2473,720775346191278080,661
4133,720415127506415616,1495
6371,720389942216527872,2502
2873,720340705894408192,973
3863,720059472081784833,1109
4899,720043174954147842,2001
4835,719991154352222208,1735
4535,719704490224398336,1428
5066,719551379208073216,1907
2796,719367763014393856,740
4425,719339463458033665,1232
3431,719332531645071360,951
3484,718971898235854848,1072
5251,718939241951195136,1754
18841,718631497683582976,8023
2433,718613305783398402,480
2455,718540630683709445,1014
2700,718460005985447936,523
4857,718454725339934721,1503
1925,718246886998687744,501
3860,718234618122661888,991
2469,717841801130979328,604
2880,717790033953034240,1110
5779,717537687239008257,1849
1621,717428917016076293,451
3160,717421804990701568,843
6295,717047459982213120,1927
3253,717009362452090881,966
4283,716802964044845056,1169
8138,716791146589110272,1571
1233,716730379797970944,425
13056,716447146686459905,5851
2376,716439118184652801,208
2767,716285507865542656,1060
6741,716080869887381504,1904
3195,715928423106027520,878
3721,715758151270801409,1435
4660,715733265223708672,1683
2797,715704790270025728,563
3907,715696743237730304,1286
4304,715680795826982913,1612
5466,715360349751484417,1563
3042,715342466308784130,687
2422,715220193576927233,647
5138,715200624753819648,1878
4160,715009755312439296,1221
3727,714982300363173890,1032
7347,714962719905021952,4256
4126,714957620017307648,1405
3285,714631576617938945,996
3633,714606013974974464,928
2689,714485234495041536,1128
3037,714258258790387713,714
3283,714251586676113411,829
2278,714214115368108032,869
4313,714141408463036416,1398
3301,713919462244790272,785
1905,713909862279876608,534
2839,713900603437621249,741
4872,713761197720473600,1377
4433,713411074226274305,1293
7228,713177543487135744,2829
4464,713175907180089344,1469
18535,712809025985978368,6684
12342,712717840512598017,4979
4177,712668654853337088,1211
5328,712438159032893441,1565
243,712309440758808576,25
3786,712097430750289920,1031
2940,712092745624633345,882
3266,712085617388212225,483
2267,712065007010385924,623
0,711998809858043904,126
8070,711968124745228288,2297
2843,711743778164514816,980
8852,711732680602345472,4106
32872,711694788429553666,18307
3862,711652651650457602,910
3659,711363825979756544,1137
3314,711306686208872448,733
3003,711008018775851008,613
4565,710997087345876993,1383
2547,710844581445812225,690
2684,710833117892898816,534
2313,710658690886586372,558
4800,710609963652087808,2379
4540,710588934686908417,1865
2377,710296729921429505,737
2151,710283270106132480,518
4533,710272297844797440,1244
2397,710269109699739648,1123
2910,710153181850935296,886
2764,710140971284037632,873
5504,710117014656950272,1991
3489,709918798883774466,1082
666,709901256215666688,99
3532,709852847387627521,1202
3552,709566166965075968,1206
3300,709556954897764353,1070
1496,709519240576036864,237
2231,709449600415961088,570
2623,709409458133323776,686
2410,709225125749587968,573
12581,709207347839836162,5800
2434,709198395643068416,642
2003,709179584944730112,665
2037,709158332880297985,413
4739,709042156699303936,1630
1800,708853462201716736,656
2995,708845821941387268,898
1683,708834316713893888,499
16496,708810915978854401,6918
2743,708738143638450176,808
2546,708711088997666817,720
2559,708479650088034305,679
3096,708469915515297792,809
16008,708400866336894977,10085
3585,708356463048204288,1315
2342,708349470027751425,736
4279,708149363256774660,1552
3389,708130923141795840,849
2695,708119489313951744,981
1957,708109389455101952,547
4394,708026248782585858,1924
3125,707995814724026368,1120
50,707983188426153984,2
2711,707969809498152960,964
3292,707776935007539200,955
2493,707741517457260545,614
4090,707738799544082433,2462
3418,707693576495472641,993
2579,707629649552134146,878
17008,707610948723478529,6360
2280,707420581654872064,697
2301,707411934438625280,597
3506,707387676719185920,1288
3282,707377100785885184,1089
2476,707315916783140866,639
2772,707297311098011648,786
2598,707059547140169728,672
2186,707038192327901184,794
4077,707021089608753152,1360
2316,707014260413456384,596
14592,706904523814649856,7861
2059,706901761596989440,592
3303,706681918348251136,973
2576,706644897839910912,1091
2163,706593038911545345,633
3475,706538006853918722,1427
3110,706516534877929472,1033
3455,706346369204748288,928
21347,706310011488698368,7927
1697,706291001778950144,475
2738,706265994973601792,935
3911,706169069255446529,2214
5174,706166467411222528,1601
1486,706153300320784384,384
3108,705975130514706432,732
3172,705970349788291072,896
2364,705898680587526145,551
1945,705786532653883392,519
3169,705591895322394625,1151
2965,705475953783398401,917
4437,705442520700944385,1626
3816,705428427625635840,1688
3011,705239209544720384,747
2591,705223444686888960,798
2148,705102439679201280,517
2186,705066031337840642,617
4282,704871453724954624,1116
2262,704859558691414016,542
5085,704847917308362754,1528
2643,704819833553219584,989
6650,704761120771465216,2914
2932,704499785726889984,1017
755,704491224099647488,78
3402,704480331685040129,1064
8013,704364645503647744,3552
1580,704347321748819968,351
1506,704134088924532736,458
1851,704113298707505153,569
2930,704054845121142784,914
1843,703774238772166656,463
3286,703769065844768768,1142
2586,703631701117943808,679
3859,703611486317502464,1528
3809,703425003149250560,1364
2446,703407252292673536,694
3519,703382836347330562,1146
1918,703356393781329922,386
1974,703268521220972544,548
7411,703079050210877440,3089
26405,703041949650034688,12511
2592,702932127499816960,730
1615,702899151802126337,453
3230,702684942141153280,1075
2204,702671118226825216,558
12253,702598099714314240,3438
2890,702539513671897089,964
3197,702332542343577600,1549
3279,702321140488925184,1045
2468,702276748847800320,765
4791,702217446468493312,1331
3459,701981390485725185,992
3852,701952816642965504,1025
3558,701889187134500865,1390
3423,701805642395348998,1679
2095,701601587219795968,453
2824,701570477911896070,925
2669,701545186879471618,609
12239,701214700881756160,5109
2220,700890391244103680,568
2607,700864154249383937,623
2464,700847567345688576,501
2444,700796979434098688,942
22899,700747788515020802,9341
2628,700518061187723268,796
2303,700505138482569216,577
4144,700462010979500032,1791
2635,700167517596164096,735
2241,700151421916807169,672
7542,700143752053182464,2725
2660,700062718104104960,692
2080,700029284593901568,584
3333,700002074055016451,1344
3070,699801817392291840,956
2240,699788877217865730,508
2755,699779630832685056,1229
1966,699775878809702401,603
10300,699691744225525762,4620
5966,699446877801091073,2616
2173,699434518667751424,515
1371,699423671849451520,324
2085,699413908797464576,625
1894,699370870310113280,445
3169,699323444782047232,859
2251,699088579889332224,634
2459,699079609774645248,656
2993,699072405256409088,1195
3765,699060279947165696,1803
2615,699036661657767936,1201
3358,698989035503689728,974
2696,698953797952008193,903
2556,698907974262222848,624
2477,698710712454139905,684
1446,698703483621523456,380
1300,698635131305795584,339
2340,698549713696649216,625
1864,698355670425473025,449
2270,698342080612007937,954
4760,698262614669991936,2002
16783,698195409219559425,5978
2814,698178924120031232,737
1521,697995514407682048,332
3301,697990423684476929,1300
2395,697943111201378304,683
3018,697881462549430272,1181
1756,697630435728322560,541
3177,697616773278015490,1015
3025,697596423848730625,1264
2038,697575480820686848,498
2064,697516214579523584,1117
2422,697482927769255936,674
3430,697463031882764288,1400
4702,697270446429966336,1880
3302,697259378236399616,1006
3038,697255105972801536,1164
2524,697242256848379904,672
3183,696900204696625153,1019
2346,696894894812565505,676
4873,696886256886657024,1808
2443,696877980375769088,712
1484,696754882863349760,362
2069,696744641916489729,939
2376,696713835009417216,654
3919,696518437233913856,1707
1222,696490539101908992,142
2544,696488710901260288,1020
3217,696405997980676096,1156
1939,696100768806522880,655
3024,695816827381944320,1169
3170,695794761660297217,771
1867,695767669421768709,749
4578,695629776980148225,2102
4406,695446424020918272,1814
8694,695409464418041856,3580
3635,695314793360662529,1456
2639,695095422348574720,614
2855,695074328191332352,1101
1600,695064344191721472,588
2671,695051054296211456,786
2701,694925794720792577,918
2760,694905863685980160,939
35894,694669722378485760,14410
1507,694356675654983680,288
2041,694352839993344000,616
1578,694342028726001664,483
2015,694329668942569472,502
4169,694206574471057408,2037
2959,694183373896572928,924
3414,694001791655137281,1025
1882,693993230313091072,403
1747,693942351086120961,369
2695,693647888581312512,587
1353,693644216740769793,123
2547,693642232151285760,411
2450,693629975228977152,797
1542,693622659251335168,376
5072,693590843962331137,1960
1651,693582294167244802,255
1785,693486665285931008,636
3354,693280720173801472,1236
2384,693267061318012928,812
2223,693262851218264065,499
2875,693231807727280129,736
7895,693155686491000832,3218
1722,693109034023534592,613
1866,693095443459342336,464
2682,692919143163629568,756
2436,692905862751522816,866
1777,692901601640583168,600
2278,692894228850999298,809
2881,692828166163931137,883
6839,692752401762250755,3644
4369,692568918515392513,1538
3186,692535307825213440,1369
1841,692530551048294401,417
1490,692423280028966913,228
9377,692417313023332352,3473
2532,692187005137076224,822
2154,692158366030913536,791
1655,692142790915014657,394
3406,692041934689402880,1274
2891,692017291282812928,959
3957,691820333922455552,1665
8150,691793053716221953,4232
2871,691756958957883396,1005
1962,691675652215414786,509
2400,691483041324204033,564
4062,691459709405118465,1143
2664,691444869282295808,849
19382,691416866452082688,7638
2571,691321916024623104,662
2967,691096613310316544,880
1718,691090071332753408,337
5917,690989312272396288,2872
3593,690959652130045952,1255
4109,690938899477221376,1971
3296,690932576555528194,1024
3789,690735892932222976,1275
2185,690728923253055490,516
2339,690690673629138944,817
1306,690649993829576704,280
294,690607260360429569,17
1963,690597161306841088,602
1894,690400367696297985,455
3264,690374419777196032,850
2679,690360449368465409,884
1515,690348396616552449,517
1676,690248561355657216,416
2807,690021994562220032,1032
2505,690015576308211712,732
3681,690005060500217858,1689
1425,689999384604450816,370
1466,689993469801164801,450
1376,689977555533848577,449
2442,689905486972461056,700
3046,689877686181715968,1169
2173,689835978131935233,746
3225,689661964914655233,928
10404,689659372465688576,3878
2235,689623661272240129,639
11683,689599056876867584,5542
2046,689557536375177216,457
3415,689517482558820352,1430
2266,689289219123089408,942
3282,689283819090870273,1104
1988,689280876073582592,714
1150,689275259254616065,243
2562,689255633275777024,1084
3087,689154315265683456,1004
2020,689143371370250240,514
2733,688916208532455424,874
2121,688908934925697024,770
2106,688898160958271489,784
2248,688894073864884227,695
1386,688828561667567616,372
966,688804835492233216,191
2226,688789766343622656,662
2609,688547210804498433,701
2318,688519176466644993,728
9322,688385280030670848,4485
2254,688211956440801280,829
2142,688179443353796608,584
2841,688116655151435777,778
1741,688064179421470721,361
5493,687841446767013888,2515
2760,687826841265172480,1121
2497,687818504314159109,946
2408,687807801670897665,718
1771,687732144991551489,667
2438,687704180304273409,844
1948,687664829264453632,508
1905,687494652870668288,577
1604,687480748861947905,242
1998,687476254459715584,532
2068,687460506001633280,541
1905,687399393394311168,618
20219,687317306314240000,9182
4372,687312378585812992,1903
5454,687127927494963200,2279
2181,687124485711986689,505
5814,687109925361856513,2460
2353,687102708889812993,983
2254,687096057537363968,601
8657,686947101016735744,3194
3533,686760001961103360,1387
3482,686749460672679938,1450
4152,686730991906516992,1196
2833,686683045143953408,806
3725,686618349602762752,1364
1896,686606069955735556,543
1746,686394059078897668,688
3264,686386521809772549,883
2216,686377065986265092,569
2192,686358356425093120,669
4024,686286779679375361,1665
2225,686050296934563840,726
1155,686035780142297088,117
3101,686034024800862208,1144
2501,686007916130873345,414
1836,686003207160610816,627
2107,685973236358713344,524
1636,685943807276412928,595
7540,685906723014619143,2900
2041,685681090388975616,124
2366,685667379192414208,566
3253,685663452032069632,1461
2949,685641971164143616,782
33074,685547936038666240,15678
3034,685532292383666176,1160
9493,685325112850124800,3974
2667,685321586178670592,641
3341,685315239903100929,1053
2085,685307451701334016,444
3114,685268753634967552,1196
2356,685198997565345792,667
4137,685169283572338688,1429
2396,684969860808454144,369
6850,684959798585110529,3126
3229,684940049151070208,1048
3511,684926975086034944,462
3526,684914660081053696,1456
1887,684902183876321280,530
2109,684880619965411328,817
35152,684830982659280897,21698
2743,684800227459624960,1009
8944,684594889858887680,3511
4130,684588130326986752,1413
3033,684567543613382656,1217
2657,684538444857667585,951
3903,684481074559381504,1167
1983,684460069371654144,559
8172,684241637099323392,3290
1235,684225744407494656,208
3831,684222868335505415,1374
2162,684200372118904832,1037
1920,684195085588783105,511
3506,684188786104872960,1173
2016,684177701129875456,664
3003,684147889187209216,1518
2016,684122891630342144,467
4128,684097758874210310,1431
3807,683857920510050305,1127
1940,683852578183077888,346
2616,683849932751646720,970
2628,683834909291606017,1113
2803,683828599284170753,1064
3359,683773439333797890,1355
6506,683742671509258241,3314
7364,683515932363329536,2909
3190,683498322573824003,965
2655,683481228088049664,996
2434,683462770029932544,673
3904,683449695444799489,1604
7662,683391852557561860,2403
2927,683357973142474752,916
2877,683142553609318400,1045
3416,683111407806746624,913
2169,683098815881154561,659
1990,683078886620553216,564
2171,683030066213818368,737
36933,682962037429899265,16620
1794,682808988178739200,169
2487,682788441537560576,1110
1522,682750546109968385,441
1320,682697186228989953,357
3072,682662431982772225,1078
2075,682638830361513985,601
3445,682429480204398592,1157
7593,682406705142087680,1772
2234,682393905736888321,672
1660,682389078323662849,463
3064,682303737705140231,978
4156,682259524040966145,1207
3262,682242692827447297,1167
18318,682088079302213632,9891
4958,682059653698686977,1684
3212,682047327939461121,938
6594,682032003584274432,2016
3147,682003177596559360,1532
2822,681981167097122816,1031
2479,681891461017812993,819
12831,681694085539872773,4062
1782,681679526984871937,439
2648,681654059175129088,923
1921,681610798867845120,467
3566,681579835668455424,1301
14337,681523177663676416,5770
1648,681340665377193984,277
9321,681339448655802368,4090
2648,681320187870711809,743
3945,681302363064414209,1814
3224,681297372102656000,953
3235,681281657291280384,1096
1462,681261549936340994,270
1492,681242418453299201,528
2414,681231109724700672,487
3706,681193455364796417,1481
2432,680970795137544192,655
4591,680959110691590145,2007
3208,680940246314430465,1051
2093,680934982542561280,435
2415,680913438424612864,623
1767,680889648562991104,362
3474,680836378243002368,1321
2162,680805554198020098,661
2383,680801747103793152,814
2855,680798457301471234,1031
2650,680609293079592961,702
3632,680583894916304897,1331
4248,680497766108381184,1912
1723,680494726643068929,482
2553,680473011644985345,743
1452,680440374763077632,497
1468,680221482581123072,293
2843,680206703334408192,1172
2150,680191257256136705,501
3897,680176173301628928,1549
2333,680161097740095489,735
3629,680145970311643136,1742
2295,680130881361686529,940
2724,680115823365742593,905
3584,680100725817409536,1375
12814,680085611152338944,8970
2588,680070545539371008,871
1988,679877062409191424,647
2187,679872969355714560,660
2456,679862121895714818,620
2852,679854723806179328,1226
2367,679844490799091713,764
36280,679828447187857408,13980
3095,679777920601223168,1100
2101,679736210798047232,786
2164,679729593985699840,818
1665,679722016581222400,464
4796,679530280114372609,2075
2637,679527802031484928,716
3364,679511351870550016,1260
3160,679503373272485890,1466
2085,679475951516934144,634
31578,679462823135686656,18746
2370,679405845277462528,1201
21282,679158373988876288,8016
2778,679148763231985668,1021
2964,679132435750195208,1144
5960,679111216690831360,2565
16941,679062614270468097,8045
2246,679047485189439488,663
2817,679001094530465792,1218
2298,678991772295516161,1159
1648,678969228704284672,454
2567,678800283649069056,894
3444,678798276842360832,1153
2806,678774928607469569,899
3513,678767140346941444,1350
1630,678764513869611008,469
7083,678755239630127104,3258
3739,678740035362037760,1664
5566,678708137298427904,2405
2850,678675843183484930,1451
2049,678643457146150913,406
3986,678446151570427904,1530
5452,678424312106393600,2525
4197,678410210315247616,1791
78806,678399652199309312,31540
1587,678396796259975168,410
1865,678389028614488064,421
2429,678380236862578688,907
1723,678341075375947776,534
1301,678334497360859136,251
11371,678278586130948096,6030
1585,678255464182861824,361
1906,678023323247357953,376
13595,678021115718029313,6277
3399,677961670166224897,1668
1343,677918531514703872,404
4810,677895101218201600,2049
3036,677716515794329600,968
3367,677700003327029250,1429
1224,677698403548192770,317
2475,677687604918272002,845
3310,677673981332312066,1488
1938,677662372920729601,953
1838,677644091929329666,791
2114,677573743309385728,700
1289,677565715327688705,459
2428,677557565589463040,1137
6882,677547928504967168,3628
1057,677530072887205888,225
3029,677335745548390400,1757
1338,677334615166730240,282
1077,677331501395156992,234
3602,677328882937298944,1486
1629,677314812125323265,525
1228,677301033169788928,395
1973,677269281705472000,699
3519,677228873407442944,1628
2725,677187300187611136,907
2754,676975532580409345,1053
2223,676957860086095872,803
1298,676949632774234114,390
2153,676948236477857792,851
1715,676946864479084545,364
2050,676942428000112642,740
12595,676936541936185344,4851
2950,676916996760600576,1787
2226,676897532954456065,711
2083,676864501615042560,699
22722,676821958043033607,15387
1797,676819651066732545,655
1408,676811746707918848,416
4944,676776431406465024,1996
2857,676617503762681856,949
1070,676613908052996102,196
1865,676606785097199616,429
1143,676603393314578432,377
4521,676593408224403456,2133
904,676590572941893632,120
2286,676588346097852417,771
1185,676582956622721024,273
2558,676575501977128964,1101
1849,676533798876651520,547
1503,676496375194980353,524
11463,676470639084101634,4601
1699,676440007570247681,655
1382,676430933382295552,340
2057,676263575653122048,535
1203,676237365392908289,283
75403,676219687039057920,30597
1721,676215927814406144,568
2250,676191832485810177,1015
1886,676146341966438401,652
2134,676121918416756736,1144
2789,676101918813499392,1144
2963,676098748976615425,1402
1296,676089483918516224,426
1592,675898130735476737,562
2098,675891555769696257,839
2344,675888385639251968,938
4117,675878199931371520,1376
1602,675870721063669760,555
2650,675853064436391936,1268
927,675849018447167488,142
2239,675845657354215424,862
1493,675822767435051008,526
1034,675820929667219457,230
10087,675798442703122432,3346
1605,675781562965868544,459
1145,675740360753160193,337
1855,675710890956750848,799
1941,675707330206547968,669
632,675706639471788032,93
1786,675534494439489536,403
1163,675531475945709568,372
1022,675522403582218240,282
1268,675517828909424640,454
16858,675501075957489664,5707
3080,675497103322386432,1262
1273,675489971617296384,582
1812,675483430902214656,961
1498,675432746517426176,556
1658,675372240448454658,504
1029,675362609739206656,225
31959,675354435921575936,16452
3840,675349384339542016,2217
2719,675334060156301312,1253
3526,675166823650848770,1554
6140,675153376133427200,2520
3668,675149409102012420,1638
924,675147105808306176,229
1162,675146535592706048,292
2090,675145476954566656,875
1273,675135153782571009,474
1911,675113801096802304,766
943,675111688094527488,245
2734,675109292475830276,1107
1039,675047298674663426,318
2648,675015141583413248,1159
965,675006312288268288,218
1532,675003128568291329,456
2200,674999807681908736,1081
841,674805413498527744,344
2947,674800520222154752,832
2460,674793399141146624,1063
1081,674790488185167872,242
804,674788554665512960,202
1958,674781762103414784,1162
1090,674774481756377088,456
1791,674767892831932416,761
777,674764817387900928,230
1337,674754018082705410,432
1430,674752233200820224,452
1373,674743008475090944,537
478,674742531037511680,49
1074,674739953134403584,376
632,674737130913071104,86
1124,674690135443775488,459
1570,674670581682434048,631
896,674664755118911488,246
1402,674646392044941312,477
1010,674644256330530816,261
1649,674638615994089473,560
1466,674632714662858753,558
921,674606911342424069,95
6083,674468880899788800,1977
1036,674447403907457024,346
1091,674436901579923456,381
1405,674422304705744896,526
669,674416750885273600,133
1171,674410619106390016,448
1473,674394782723014656,556
832,674372068062928900,306
548,674330906434379776,72
1383,674318007229923329,506
11062,674307341513269249,6756
14364,674291837063053312,5694
1534,674271431610523648,712
888,674269164442398721,223
1604,674265582246694913,820
1275,674262580978937856,438
1431,674255168825880576,528
740,674082852460433408,163
966,674075285688614912,276
6217,674063288070742018,2133
3220,674053186244734976,1256
1415,674051556661161984,472
1375,674045139690631169,620
703,674042553264685056,122
1075,674038233588723717,402
831,674036086168010753,202
1730,674024893172875264,1186
1096,674019345211760640,294
1518,674014384960745472,614
1163,674008982932058114,340
1906,673956914389192708,924
1134,673919437611909120,361
3103,673906403526995968,1581
907,673887867907739649,247
3008,673716320723169284,724
3451,673715861853720576,1999
1010,673711475735838725,293
811,673709992831262724,265
1047,673708611235921920,276
1068,673707060090052608,379
1221,673705679337693185,394
1393,673700254269775872,547
3872,673697980713705472,1906
1690,673689733134946305,625
1230,673688752737402881,479
1400,673686845050527744,423
1332,673680198160809984,450
1220,673662677122719744,356
700,673656262056419329,232
1075,673636718965334016,347
1561,673612854080196609,700
1160,673583129559498752,347
812,673580926094458881,264
1349,673576835670777856,545
996,673363615379013632,294
1408,673359818736984064,653
1459,673355879178194945,556
1616,673352124999274496,523
727,673350198937153538,203
2436,673345638550134785,1220
941,673343217010679808,262
1233,673342308415348736,559
13071,673320132811366400,7632
855,673317986296586240,247
7299,673295268553605120,3072
1037,673270968295534593,350
1385,673240798075449344,700
2181,673213039743795200,814
1643,673148804208660480,608
1908,672997845381865473,693
921,672995267319328768,279
961,672988786805112832,280
1221,672984142909456390,525
1767,672980819271634944,974
1628,672975131468300288,875
923,672970152493887488,344
1282,672968025906282496,522
1384,672964561327235073,618
1326,672902681409806336,483
879,672898206762672129,409
1502,672884426393653248,809
1004,672877615439593473,343
1276,672834301050937345,543
1220,672828477930868736,474
945,672640509974827008,304
1250,672622327801233409,468
1189,672614745925664768,555
1082,672609152938721280,375
1086,672604026190569472,384
1299,672594978741354496,591
926,672591762242805761,326
702,672591271085670400,177
1006,672538107540070400,350
614,672523490734551040,161
1077,672488522314567680,418
1097,672482722825261057,575
700,672481316919734272,123
1398,672475084225949696,677
1315,672466075045466113,514
6276,672272411274932228,3247
1452,672267570918129665,594
1105,672264251789176834,323
2732,672256522047614977,1484
1390,672254177670729728,712
1685,672248013293752320,583
667,672245253877968896,149
868,672239279297454080,312
1779,672231046314901505,968
761,672222792075620352,204
2192,672205392827572224,1116
991,672169685991993344,355
848,672160042234327040,344
1697,672139350159835138,668
2311,672125275208069120,1101
972,672095186491711488,358
911,672082170312290304,353
1254,672068090318987265,501
8254,671896809300709376,4024
1283,671891728106971137,559
3363,671882082306625538,1341
1369,671879137494245376,642
1211,671874878652489728,530
1086,671866342182637568,473
873,671855973984772097,421
6852,671789708968640512,3351
1160,671768281401958400,483
1626,671763349865160704,879
1314,671744970634719232,735
727,671743150407421952,228
1401,671735591348891648,730
8237,671729906628341761,4199
12409,671561002136281088,6978
881,671550332464455680,202
1308,671547767500775424,572
1911,671544874165002241,1013
1060,671542985629241344,544
908,671538301157904385,375
1134,671536543010570240,389
989,671533943490011136,557
816,671528761649688577,249
1352,671520732782923777,511
925,671518598289059840,285
1551,671511350426865664,681
6785,671504605491109889,3432
891,671497587707535361,432
975,671488513339211776,459
562,671486386088865792,189
737,671485057807351808,227
1404,671390180817915904,719
1076,671362598324076544,287
389,671357843010908160,147
473,671355857343524864,113
931,671347597085433856,415
711,671186162933985280,204
1086,671182547775299584,327
851,671166507850801152,332
1605,671163268581498880,1057
361,671159727754231808,79
688,671154572044468225,211
648,671151324042559489,148
649,671147085991960577,207
1113,671141549288370177,634
898,671138694582165504,388
725,671134062904504320,185
3390,671122204919246848,2432
1331,671115716440031232,750
1108,671109016219725825,421
1079,670995969505435648,283
23895,670842764863651840,8378
570,670840546554966016,186
1082,670838202509447168,670
427,670833812859932673,118
713,670832455012716544,208
5363,670826280409919488,3912
752,670823764196741120,181
591,670822709593571328,91
3074,670815497391357952,1488
1094,670811965569282048,262
1128,670807719151067136,476
1899,670804601705242624,921
333,670803562457407488,84
715,670797304698376195,231
801,670792680469889025,264
643,670789397210615808,228
584,670786190031921152,196
805,670783437142401025,373
1510,670782429121134593,740
766,670780561024270336,279
320,670778058496974848,71
1044,670764103623966721,405
426,670755717859713024,107
930,670733412878163972,496
803,670727704916926465,345
1163,670717338665226240,469
755,670704688707301377,358
576,670691627984359425,232
729,670679630144274432,272
241,670676092097810432,40
10353,670668383499735048,4834
1464,670474236058800128,714
347,670468609693655041,84
942,670465786746662913,529
532,670452855871037440,197
1162,670449342516494336,629
6523,670444955656130560,1907
628,670442337873600512,191
1024,670435821946826752,495
1359,670434127938719744,620
320,670433248821026816,106
1342,670428280563085312,595
510,670427002554466305,154
1267,670421925039075328,608
605,670420569653809152,303
554,670417414769758208,309
1966,670411370698022913,852
540,670408998013820928,212
414,670403879788544000,146
548,670385711116361728,195
728,670374371102445568,260
320,670361874861563904,63
416,670338931251150849,103
3767,670319130621435904,1175
417,670303360680108032,126
679,670290420111441920,272
995,670093938074779648,317
679,670086499208155136,244
2155,670079681849372674,1175
1524,670073503555706880,758
604,670069087419133954,227
737,670061506722140161,320
648,670055038660800512,317
627,670046952931721218,165
732,670040295598354432,106
576,670037189829525505,261
321,670003130994700288,88
314,669993076832759809,81
427,669972011175813120,150
293,669970042633789440,56
489,669942763794931712,155
364,669926384437997569,95
228,669923323644657664,53
786,669753178989142016,379
257,669749430875258880,63
498,669684865554620416,87
380,669683899023405056,105
345,669682095984410625,129
650,669680153564442624,273
787,669661792646373376,416
3426,669625907762618368,1752
919,669603084620980224,348
500,669597912108789760,145
1450,669583744538451968,889
425,669573570759163904,134
1551,669571471778410496,979
228,669567591774625800,54
374,669564461267722241,119
349,669393256313184256,70
1287,669375718304980992,700
477,669371483794317312,171
448,669367896104181761,145
601,669363888236994561,219
361,669359674819481600,116
2616,669354382627049472,1235
611,669353438988365824,252
419,669351434509529089,173
988,669328503091937280,404
561,669327207240699904,114
486,669324657376567296,200
1160,669216679721873412,393
427,669214165781868544,154
979,669203728096960512,457
634,669037058363662336,298
720,669015743032369152,362
561,669006782128353280,238
20255,669000397445533696,6129
426,668994913074286592,219
724,668992363537309700,328
657,668989615043424256,318
875,668988183816871936,446
536,668986018524233728,160
521,668981893510119424,291
770,668979806671884288,334
1263,668975677807423489,557
141,668967877119254528,22
684,668960084974809088,232
269,668955713004314625,68
255,668932921458302977,55
309,668902994700836864,97
387,668892474547511297,144
510,668872652652679168,289
438,668852170888998912,153
422,668826086256599040,129
546,668815180734689280,255
683,668779399630725120,351
508,668655139528511488,210
853,668645506898350081,510
852,668643542311546881,507
1037,668641109086707712,524
1012,668636665813057536,475
2714,668633411083464705,1556
688,668631377374486528,306
307,668627278264475648,109
373,668625577880875008,124
1381,668623201287675904,728
193,668620235289837568,38
598,668614819948453888,308
1616,668587383441514497,1034
235,668567822092664832,50
496,668544745690562560,214
437,668542336805281792,204
245,668537837512433665,68
445,668528771708952576,215
313,668507509523615744,101
397,668496999348633600,126
413,668484198282485761,226
444,668480044826800133,141
858,668466899341221888,494
604,668297328638447616,284
234,668291999406125056,29
486,668286279830867968,132
797,668274247790391296,225
537,668268907921326080,228
1255,668256321989451776,579
944,668248472370458624,463
6003,668237644992782336,2732
289,668226093875376128,97
498,668221241640230912,187
539,668204964695683073,187
627,668190681446379520,191
466,668171859951755264,186
479,668154635664932864,295
557,668142349051129856,270
649,668113020489474048,225
1214,667937095915278337,763
286,667924896115245057,108
198,667915453470232577,54
474,667911425562669056,284
825,667902449697558528,361
1809,667886921285246976,1034
791,667885044254572545,452
378,667878741721415682,113
604,667873844930215936,386
2921,667866724293877760,987
234,667861340749471744,74
286,667832474953625600,60
1016,667806454573760512,470
317,667801013445750784,93
677,667793409583771648,315
400,667782464991965184,236
227,667773195014021121,52
423,667766675769573376,204
366,667728196545200128,143
462,667724302356258817,306
0,667550904950915073,33
0,667550882905632768,32
5561,667549055577362432,2165
327,667546741521195010,115
830,667544320556335104,500
196,667538891197542400,62
787,667534815156183040,498
447,667530908589760512,227
1634,667524857454854144,1069
354,667517642048163840,182
6544,667509364010450944,2032
520,667502640335572993,212
502,667495797102141441,253
514,667491009379606528,213
244,667470559035432960,90
181,667455448082227200,56
298,667453023279554560,85
749,667443425659232256,552
433,667437278097252352,225
295,667435689202614272,82
450,667405339315146752,213
187,667393430834667520,52
352,667369227918143488,154
465,667211855547486208,228
590,667200525029539841,249
367,667192066997374976,95
714,667188689915760640,381
13759,667182792070062081,5888
184,667177989038297088,51
583,667176164155375616,436
232,667174963120574464,74
211,667171260800061440,80
2587,667165590075940865,1079
247,667160273090932737,60
45815,667152164079423490,16162
4403,667138269671505920,2092
317,667119796878725120,123
319,667090893657276420,118
382,667073648344346624,114
81,667070482143944705,14
160,667065535570550784,42
209,667062181243039745,49
177,667044094246576128,47
429,667012601033924608,211
233,666996132027977728,84
2451,666983947667116034,930
768,666837028449972224,529
203,666835007768551424,77
244,666826780179869698,89
491,666817836334096384,237
220,666804364988780544,85
720,666786068205871104,463
367,666781792255496192,181
331,666776908487630848,164
222,666739327293083650,62
410,666701168228331520,208
176,666691418707132416,45
1068,666649482315059201,586
220,666644823164719104,76
494,666454714377183233,201
98,666447344410484738,18
117,666437273139982337,42
159,666435652385423360,48
301,666430724426358785,179
156,666428276349472768,78
302,666421158376562688,107
115,666418789513326592,43
415,666411507551481857,303
100,666407126856765440,32
159,666396247373291520,76
174,666373753744588802,85
730,666362758909284353,521
201,666353288456101888,66
274,666345417576210432,127
182,666337882303524864,84
469,666293911632134144,321
138,666287406224695296,62
161,666273097616637952,73
95,666268910803644416,32
13729,666104133288665088,6019
72,666102155909144576,11
142,666099513787052032,62
153,666094000022159362,68
103,666082916733198337,42
300,666073100786774016,147
136,666071193221509120,54
449,666063827256086533,198
106,666058600524156928,54
272,666057090499244032,128
411,666055525042405380,222
1134,666051853826850816,782
125,666050758794694657,51
98,666049248165822465,41
274,666044226329800704,133
113,666033412701032449,41
121,666029285002620928,42
2426,666020888022790149,464
